nama;x;y
a;110.603113;-7.965717
